region,date,average_temperature,highest_temperature,lowest_temperature,rainfall,humidity,sunshine_duration,weather_condition
山东,2023-11-03,6.7,12.3,0.4,5.2,47.0,1.1,小雨
河南,2023-11-03,8.1,11.9,1.2,5.8,85.2,0.7,小雨
四川,2023-11-03,9.1,14.4,3.1,4.1,60.2,10.8,小雨
山东,2023-11-04,7.5,12.4,4.2,2.0,64.9,4.6,多云
河南,2023-11-04,8.1,11.2,5.1,3.3,69.2,3.8,小雨
四川,2023-11-04,8.1,12.2,2.1,1.4,37.6,3.4,多云
山东,2023-11-05,5.1,8.2,0.6,3.3,68.5,5.7,小雨
河南,2023-11-05,11.7,17.5,4.6,2.0,68.7,5.0,多云
四川,2023-11-05,10.3,14.9,2.9,10.3,29.4,2.0,中雨
山东,2023-11-06,6.8,12.2,1.0,0.1,46.6,11.7,晴
河南,2023-11-06,8.8,15.1,3.2,1.5,61.3,7.8,多云
四川,2023-11-06,7.9,15.0,2.8,1.7,53.3,11.7,多云
山东,2023-11-07,7.7,11.5,3.9,5.1,27.2,1.3,小雨
河南,2023-11-07,8.9,13.3,2.7,0.1,36.7,8.5,晴
四川,2023-11-07,7.7,11.9,0.6,8.4,52.9,1.3,小雨
山东,2023-11-08,10.9,15.3,4.0,0.7,70.8,7.3,多云
河南,2023-11-08,7.4,14.7,-0.6,1.0,62.7,5.6,多云
四川,2023-11-08,7.8,13.3,0.5,2.6,61.0,6.6,小雨
山东,2023-11-09,5.0,10.3,1.3,3.1,49.7,3.9,小雨
河南,2023-11-09,7.8,12.4,1.9,5.0,59.2,1.0,小雨
四川,2023-11-09,12.9,17.4,7.7,2.2,57.5,4.5,小雨
山东,2023-11-10,9.5,14.6,2.6,2.9,77.3,7.6,小雨
河南,2023-11-10,5.2,11.6,1.0,0.7,62.6,5.2,多云
四川,2023-11-10,9.6,15.0,4.1,0.7,67.9,10.7,多云
山东,2023-11-11,7.4,12.2,4.2,0.1,72.3,6.9,多云
河南,2023-11-11,6.1,10.5,-1.8,1.9,44.7,4.8,多云
四川,2023-11-11,7.8,14.2,4.8,2.6,60.1,9.5,小雨
山东,2023-11-12,6.5,13.1,3.4,0.4,97.0,4.4,阴
河南,2023-11-12,7.5,14.6,3.7,0.6,59.2,2.4,多云
四川,2023-11-12,8.8,14.7,4.3,5.9,55.3,1.7,小雨
山东,2023-11-13,5.4,9.4,-1.7,0.3,73.3,2.8,阴
河南,2023-11-13,9.0,16.0,1.8,5.1,65.8,2.9,小雨
四川,2023-11-13,9.9,17.5,3.7,0.4,85.4,9.3,阴
山东,2023-11-14,7.9,12.0,0.0,3.2,49.0,5.3,小雨
河南,2023-11-14,8.6,14.7,1.0,2.8,37.7,10.6,小雨
四川,2023-11-14,7.4,10.9,-0.5,1.1,71.2,8.8,多云
山东,2023-11-15,5.2,9.8,0.8,2.1,79.1,6.5,小雨
河南,2023-11-15,8.2,12.3,0.5,2.8,55.7,3.1,小雨
四川,2023-11-15,7.9,11.9,3.6,2.2,75.6,5.3,小雨
山东,2023-11-16,6.5,12.7,3.2,1.2,73.6,3.8,多云
河南,2023-11-16,11.6,15.6,8.6,3.8,46.3,4.7,小雨
四川,2023-11-16,7.8,15.4,3.7,2.5,32.2,10.4,小雨
山东,2023-11-17,8.1,11.7,4.5,2.7,78.6,10.8,小雨
河南,2023-11-17,6.4,12.3,2.6,1.5,65.4,6.5,多云
四川,2023-11-17,13.2,19.1,8.2,2.8,41.1,10.7,小雨
山东,2023-11-18,6.4,10.2,1.9,0.2,56.6,8.6,多云
河南,2023-11-18,8.2,11.8,4.5,0.2,66.7,9.6,多云
四川,2023-11-18,13.3,21.3,8.6,2.5,66.6,10.6,小雨
山东,2023-11-19,7.7,13.1,3.5,2.8,71.4,6.0,小雨
河南,2023-11-19,9.6,14.6,4.2,6.9,67.0,3.5,小雨
四川,2023-11-19,13.0,17.7,8.1,1.1,72.7,2.9,多云
山东,2023-11-20,7.5,11.3,2.8,2.4,71.4,8.1,小雨
河南,2023-11-20,7.3,13.1,3.3,3.6,71.1,7.1,小雨
四川,2023-11-20,9.9,15.1,4.2,1.5,44.1,2.7,多云
山东,2023-11-21,4.7,11.7,0.4,3.7,53.7,5.2,小雨
河南,2023-11-21,6.9,11.6,2.7,7.3,99.19999999999999,2.6,小雨
四川,2023-11-21,7.8,11.5,1.6,1.1,87.6,9.8,多云
山东,2023-11-22,5.9,9.3,2.7,3.3,33.6,10.7,小雨
河南,2023-11-22,6.2,10.2,0.6,2.5,20.80000000000001,11.2,小雨
四川,2023-11-22,9.1,14.2,1.2,0.8,73.2,7.0,多云
山东,2023-11-23,6.9,14.5,1.4,1.9,62.6,8.6,多云
河南,2023-11-23,6.1,10.2,-0.4,13.4,62.2,0.6,中雨
四川,2023-11-23,8.3,11.3,4.9,7.1,35.7,1.4,小雨
山东,2023-11-24,8.1,12.6,0.1,9.6,79.6,3.5,小雨
河南,2023-11-24,11.7,16.3,5.0,1.6,53.3,6.9,多云
四川,2023-11-24,10.3,14.7,2.5,0.1,72.0,3.9,晴
山东,2023-11-25,4.8,12.0,-2.0,0.9,50.7,2.5,多云
河南,2023-11-25,6.6,13.7,-0.0,4.5,51.1,6.4,小雨
四川,2023-11-25,10.6,16.2,4.2,1.3,65.4,6.3,多云
山东,2023-11-26,6.8,11.0,1.3,3.3,52.7,9.1,小雨
河南,2023-11-26,8.5,14.8,2.0,2.3,54.8,3.8,小雨
四川,2023-11-26,11.1,18.0,3.6,0.7,46.8,8.8,多云
山东,2023-11-27,10.3,15.0,3.2,0.0,20.80000000000001,3.6,阴
河南,2023-11-27,7.9,13.0,3.5,4.5,55.2,5.0,小雨
四川,2023-11-27,10.6,16.9,6.9,1.8,93.6,9.3,多云
山东,2023-11-28,6.2,9.8,2.8,5.3,72.2,2.5,小雨
河南,2023-11-28,7.5,11.9,2.0,1.7,57.2,9.8,多云
四川,2023-11-28,11.5,15.1,7.0,1.8,73.0,8.4,多云
山东,2023-11-29,8.0,12.2,1.5,6.7,62.5,2.3,小雨
河南,2023-11-29,6.0,12.4,1.1,2.3,64.5,8.0,小雨
四川,2023-11-29,12.4,17.1,5.1,0.9,37.5,9.0,多云
山东,2023-11-30,7.4,15.4,3.3,3.6,69.8,4.7,小雨
河南,2023-11-30,9.4,14.8,5.3,6.5,60.5,3.0,小雨
四川,2023-11-30,12.5,16.9,8.6,5.4,36.6,2.3,小雨
山东,2023-12-01,0.0,3.6,-6.4,0.4,20.80000000000001,6.7,多云
河南,2023-12-01,0.8,8.5,-3.8,2.8,72.7,11.2,小雨
四川,2023-12-01,2.1,7.0,-1.7,0.7,59.8,6.7,多云
山东,2023-12-02,-0.9,3.2,-6.3,5.4,51.5,2.9,小雨
河南,2023-12-02,1.1,8.0,-3.2,1.7,62.6,5.6,多云
四川,2023-12-02,6.8,13.0,2.9,4.1,52.9,8.0,小雨
山东,2023-12-03,2.9,8.6,-4.1,2.6,53.2,8.6,小雨
河南,2023-12-03,3.6,7.7,-3.1,1.2,43.7,4.3,多云
四川,2023-12-03,-0.2,7.1,-4.4,0.5,78.0,3.6,雪
山东,2023-12-04,0.4,5.8,-3.8,0.3,59.4,5.7,多云
河南,2023-12-04,2.8,6.0,-3.3,2.4,55.2,5.2,小雨
四川,2023-12-04,7.1,13.0,2.0,1.1,38.0,10.1,多云
山东,2023-12-05,-1.1,6.5,-5.2,1.8,70.0,5.1,多云
河南,2023-12-05,-0.7,5.5,-4.6,2.5,92.3,2.1,小雨
四川,2023-12-05,0.6,7.1,-4.2,5.3,44.4,1.1,小雨
山东,2023-12-06,1.9,6.7,-4.2,1.9,51.9,9.7,多云
河南,2023-12-06,-0.3,2.9,-5.5,2.4,63.4,9.0,小雨
四川,2023-12-06,2.7,6.9,-3.0,0.4,43.5,4.0,多云
山东,2023-12-07,-1.7,3.8,-7.1,3.7,64.6,11.2,小雨
河南,2023-12-07,-3.2,4.2,-9.3,1.6,91.6,6.3,多云
四川,2023-12-07,4.6,10.6,1.5,0.1,48.4,2.5,晴
山东,2023-12-08,0.7,6.8,-3.3,3.0,34.1,10.8,小雨
河南,2023-12-08,1.6,5.8,-2.2,1.9,62.8,4.5,多云
四川,2023-12-08,0.2,4.3,-7.0,0.3,82.4,4.3,多云
山东,2023-12-09,1.4,7.2,-2.2,0.3,54.2,7.5,阴
河南,2023-12-09,1.5,7.5,-1.8,0.6,65.6,5.0,多云
四川,2023-12-09,2.5,10.1,-3.1,4.1,80.8,4.8,小雨
山东,2023-12-10,-0.1,4.4,-4.8,0.7,58.8,11.8,多云
河南,2023-12-10,3.2,8.6,-0.5,0.6,69.1,3.7,多云
四川,2023-12-10,1.7,6.8,-1.6,4.1,50.3,9.8,小雨
山东,2023-12-11,-0.8,6.9,-5.3,0.2,57.3,5.4,雪
河南,2023-12-11,3.0,11.0,-2.8,3.1,62.2,10.3,小雨
四川,2023-12-11,5.3,11.1,0.8,0.1,34.3,10.3,多云
山东,2023-12-12,-2.9,0.9,-7.3,3.6,52.6,3.7,小雨
河南,2023-12-12,-2.1,4.7,-9.8,0.5,66.4,8.0,雪
四川,2023-12-12,2.3,5.6,-3.2,2.7,56.1,6.3,小雨
山东,2023-12-13,-1.4,4.4,-4.6,2.3,35.2,11.2,小雨
河南,2023-12-13,-0.6,3.9,-4.5,2.0,38.8,10.7,多云
四川,2023-12-13,3.0,6.3,-0.2,0.6,52.3,8.2,多云
山东,2023-12-14,1.8,6.4,-5.8,1.4,44.3,11.0,多云
河南,2023-12-14,-4.2,3.3,-8.6,4.7,31.7,6.7,小雨
四川,2023-12-14,4.6,7.9,1.6,0.3,37.9,6.6,多云
山东,2023-12-15,-1.5,6.5,-9.2,0.1,47.6,8.5,雪
河南,2023-12-15,-2.6,2.2,-9.3,0.2,44.9,9.2,雪
四川,2023-12-15,3.0,10.2,-0.2,0.3,76.4,3.9,晴
山东,2023-12-16,0.1,5.6,-5.5,3.1,61.1,2.0,小雨
河南,2023-12-16,-1.1,2.2,-8.4,0.1,55.6,10.9,雪
四川,2023-12-16,-1.2,4.8,-7.6,0.4,52.8,10.8,雪
山东,2023-12-17,3.8,9.0,-0.9,4.6,66.2,4.6,小雨
河南,2023-12-17,2.7,6.6,-2.6,1.6,61.5,2.5,多云
四川,2023-12-17,4.4,7.8,1.0,0.6,38.5,11.6,多云
山东,2023-12-18,0.6,5.6,-4.6,1.1,67.6,4.9,多云
河南,2023-12-18,3.2,6.7,-2.6,0.3,46.8,6.8,阴
四川,2023-12-18,5.1,8.8,2.1,0.9,73.4,10.0,多云
山东,2023-12-19,-0.5,4.5,-5.5,5.1,60.2,1.2,小雨
河南,2023-12-19,4.3,9.5,-1.5,1.4,49.4,5.1,多云
四川,2023-12-19,3.3,8.6,-3.0,4.0,52.3,3.0,小雨
山东,2023-12-20,1.0,6.4,-2.3,0.9,46.0,9.5,多云
河南,2023-12-20,1.0,7.0,-4.1,0.5,66.2,8.5,阴
四川,2023-12-20,1.8,5.6,-5.6,2.0,52.7,5.3,多云
山东,2023-12-21,-3.4,4.2,-8.9,1.3,60.0,10.3,多云
河南,2023-12-21,4.3,9.2,-2.5,1.4,69.9,3.8,多云
四川,2023-12-21,1.7,9.5,-2.8,5.1,59.2,1.2,小雨
山东,2023-12-22,3.2,10.1,-2.6,2.7,31.7,5.3,小雨
河南,2023-12-22,3.0,10.3,-3.3,5.8,53.5,3.6,小雨
四川,2023-12-22,7.1,11.4,3.6,0.6,33.9,9.3,多云
山东,2023-12-23,-1.3,1.8,-7.5,1.0,63.4,6.3,多云
河南,2023-12-23,1.0,7.2,-3.7,2.2,67.7,11.2,小雨
四川,2023-12-23,4.1,8.7,0.7,3.6,42.4,2.4,小雨
山东,2023-12-24,-0.4,3.3,-6.4,11.9,42.2,1.6,中雨
河南,2023-12-24,0.5,7.2,-3.7,1.4,40.0,9.8,多云
四川,2023-12-24,4.5,10.8,-2.6,1.1,49.3,2.4,多云
山东,2023-12-25,2.4,8.3,-2.1,0.3,30.3,9.5,阴
河南,2023-12-25,1.8,5.8,-5.8,3.0,55.9,8.5,小雨
四川,2023-12-25,2.4,10.0,-3.6,3.8,90.7,10.2,小雨
山东,2023-12-26,-0.5,2.9,-4.2,13.9,57.2,3.5,中雨
河南,2023-12-26,-0.4,6.5,-7.5,2.1,62.1,12.0,小雨
四川,2023-12-26,2.5,8.5,-3.8,6.9,58.5,2.8,小雨
山东,2023-12-27,3.4,10.5,-0.7,3.6,67.3,3.9,小雨
河南,2023-12-27,-2.0,4.9,-5.4,0.4,67.5,11.3,雪
四川,2023-12-27,1.0,5.9,-6.9,0.9,71.1,6.1,多云
山东,2023-12-28,1.7,6.3,-4.7,0.1,50.1,4.0,多云
河南,2023-12-28,1.2,4.9,-4.6,3.0,37.1,3.6,小雨
四川,2023-12-28,1.0,8.1,-3.3,1.8,45.8,3.9,多云
山东,2023-12-29,1.9,7.2,-1.3,4.4,65.1,5.5,小雨
河南,2023-12-29,1.2,6.6,-5.7,0.0,69.3,8.5,晴
四川,2023-12-29,1.5,8.6,-6.1,2.2,82.7,6.4,小雨
山东,2023-12-30,0.3,5.4,-6.4,0.2,45.3,4.0,阴
河南,2023-12-30,2.0,5.8,-1.6,3.3,71.4,9.4,小雨
四川,2023-12-30,-0.9,3.5,-8.0,1.1,50.2,6.5,多云
山东,2023-12-31,0.0,5.9,-6.7,0.9,67.9,7.3,多云
河南,2023-12-31,1.8,8.0,-2.2,0.5,76.5,3.1,多云
四川,2023-12-31,4.6,11.3,1.3,5.5,62.8,1.0,小雨
山东,2024-01-01,-1.8,1.7,-8.0,0.2,42.2,4.1,雪
河南,2024-01-01,0.0,3.6,-4.0,4.3,59.9,5.5,小雨
四川,2024-01-01,-2.9,4.5,-10.5,4.7,52.5,6.1,小雨
山东,2024-01-02,1.8,6.4,-4.5,0.6,51.7,10.6,多云
河南,2024-01-02,-1.0,6.8,-5.5,0.1,59.0,3.7,雪
四川,2024-01-02,1.2,4.8,-4.9,6.4,80.8,1.1,小雨
山东,2024-01-03,-2.5,4.4,-8.5,0.4,50.0,6.7,雪
河南,2024-01-03,2.1,5.7,-5.8,0.2,46.0,3.5,晴
四川,2024-01-03,4.2,9.4,-0.0,0.6,47.6,4.8,多云
山东,2024-01-04,-0.8,3.7,-4.8,5.3,77.6,1.6,小雨
河南,2024-01-04,1.4,7.0,-3.3,4.1,60.1,5.0,小雨
四川,2024-01-04,3.3,8.1,0.3,4.6,67.6,8.0,小雨
山东,2024-01-05,0.6,6.4,-3.9,0.9,69.2,6.5,多云
河南,2024-01-05,-1.5,1.8,-6.3,0.6,57.3,10.8,多云
四川,2024-01-05,2.4,7.1,-4.0,0.8,75.1,5.6,多云
山东,2024-01-06,-5.0,-1.1,-12.7,0.5,45.9,3.6,雪
河南,2024-01-06,-2.2,5.2,-5.9,0.0,59.9,10.6,阴
四川,2024-01-06,2.5,6.1,-5.4,1.1,36.0,9.5,多云
山东,2024-01-07,0.6,5.5,-4.0,5.8,86.4,3.5,小雨
河南,2024-01-07,-2.5,2.0,-7.9,3.7,69.4,9.9,小雨
四川,2024-01-07,2.1,5.1,-3.7,1.1,45.4,6.1,多云
山东,2024-01-08,-0.4,5.0,-6.1,0.3,55.5,11.1,雪
河南,2024-01-08,-0.1,5.7,-3.4,0.9,46.8,9.1,多云
四川,2024-01-08,2.8,9.4,-1.6,2.1,60.2,4.3,小雨
山东,2024-01-09,-0.4,6.8,-6.4,0.3,45.2,5.1,雪
河南,2024-01-09,-1.5,4.6,-4.6,4.5,71.8,9.7,小雨
四川,2024-01-09,-0.2,4.3,-5.3,0.3,52.6,2.7,雪
山东,2024-01-10,-4.2,2.1,-8.5,3.3,52.3,7.6,小雨
河南,2024-01-10,-0.7,6.3,-7.6,1.0,36.9,2.8,多云
四川,2024-01-10,0.2,4.1,-7.2,0.5,72.2,5.6,晴
山东,2024-01-11,-0.6,3.4,-8.2,3.2,57.6,9.5,小雨
河南,2024-01-11,-0.1,3.0,-5.7,1.0,49.2,9.0,多云
四川,2024-01-11,0.9,8.4,-5.4,1.3,46.6,10.7,多云
山东,2024-01-12,-0.9,4.8,-6.5,5.6,69.0,2.3,小雨
河南,2024-01-12,-1.1,3.8,-8.4,2.1,65.1,7.8,小雨
四川,2024-01-12,2.4,5.5,-0.9,0.3,57.4,10.9,晴
山东,2024-01-13,-1.5,2.0,-7.2,1.3,84.4,3.2,多云
河南,2024-01-13,-0.1,7.2,-3.4,0.3,80.1,2.6,雪
四川,2024-01-13,0.8,6.5,-4.3,1.4,36.5,2.6,多云
山东,2024-01-14,0.2,7.1,-5.6,7.2,47.3,0.9,小雨
河南,2024-01-14,-0.2,6.9,-8.2,0.1,51.7,9.6,雪
四川,2024-01-14,-0.1,3.2,-7.5,2.6,61.0,8.5,小雨
山东,2024-01-15,-0.1,7.4,-4.6,1.7,57.2,8.8,多云
河南,2024-01-15,-0.4,3.4,-8.2,1.4,69.5,11.1,多云
四川,2024-01-15,0.8,7.4,-5.4,1.5,63.4,8.8,多云
山东,2024-01-16,-0.2,3.7,-8.0,2.3,71.6,2.4,小雨
河南,2024-01-16,-1.2,5.6,-8.0,0.5,98.0,3.4,雪
四川,2024-01-16,2.3,6.5,-1.0,0.1,66.0,9.4,多云
山东,2024-01-17,-0.0,5.3,-5.1,0.4,30.1,5.5,晴
河南,2024-01-17,-6.5,0.5,-13.9,1.3,66.7,4.2,多云
四川,2024-01-17,1.7,8.2,-4.0,1.3,70.4,12.0,多云
山东,2024-01-18,0.3,5.6,-7.0,0.7,36.1,10.8,多云
河南,2024-01-18,-0.2,6.9,-5.5,0.4,51.8,3.3,雪
四川,2024-01-18,-2.9,4.0,-9.0,0.2,65.7,8.6,雪
山东,2024-01-19,-2.5,2.6,-8.5,3.4,64.8,7.1,小雨
河南,2024-01-19,-2.3,4.2,-9.5,0.0,60.4,7.1,多云
四川,2024-01-19,0.3,6.7,-6.3,2.1,63.5,5.0,小雨
山东,2024-01-20,-3.1,1.7,-8.2,3.3,45.1,9.2,小雨
河南,2024-01-20,2.1,6.9,-1.7,6.6,87.2,2.2,小雨
四川,2024-01-20,0.5,6.9,-4.0,2.4,63.7,7.5,小雨
山东,2024-01-21,-3.2,4.2,-8.8,0.3,69.0,5.8,雪
河南,2024-01-21,-3.0,1.4,-8.8,2.5,62.5,11.4,小雨
四川,2024-01-21,2.7,6.2,-4.2,0.1,59.9,2.4,阴
山东,2024-01-22,0.1,6.0,-5.5,0.5,60.3,8.0,阴
河南,2024-01-22,-0.7,5.5,-7.4,1.9,77.2,10.3,多云
四川,2024-01-22,-3.3,0.3,-7.3,1.2,55.0,3.2,多云
山东,2024-01-23,-1.1,2.7,-6.5,0.4,71.5,9.1,雪
河南,2024-01-23,0.2,4.8,-3.9,2.0,32.7,6.9,多云
四川,2024-01-23,-0.5,3.8,-4.3,2.8,76.8,11.7,小雨
山东,2024-01-24,-3.7,1.9,-10.9,0.2,64.8,3.2,雪
河南,2024-01-24,3.8,9.4,0.5,3.5,54.8,3.4,小雨
四川,2024-01-24,0.0,5.3,-7.4,4.1,78.1,4.9,小雨
山东,2024-01-25,-2.1,5.7,-5.6,3.1,61.8,4.6,小雨
河南,2024-01-25,1.6,8.6,-5.3,7.9,42.2,2.0,小雨
四川,2024-01-25,0.9,7.6,-3.6,0.9,49.1,10.2,多云
山东,2024-01-26,0.3,7.7,-2.9,3.5,45.1,5.1,小雨
河南,2024-01-26,3.5,9.3,-0.7,1.6,52.9,10.4,多云
四川,2024-01-26,2.4,8.4,-1.3,3.5,45.6,4.6,小雨
山东,2024-01-27,-3.1,3.2,-7.9,1.6,68.6,6.6,多云
河南,2024-01-27,0.5,3.7,-4.7,1.1,66.6,2.8,多云
四川,2024-01-27,0.2,4.7,-2.9,0.2,31.6,5.1,晴
山东,2024-01-28,-0.1,4.1,-7.0,1.4,43.4,10.0,多云
河南,2024-01-28,-0.6,2.6,-6.3,1.7,59.5,5.4,多云
四川,2024-01-28,-0.2,6.1,-5.7,2.0,81.6,5.4,多云
山东,2024-01-29,-0.1,4.7,-3.3,0.6,75.1,6.8,多云
河南,2024-01-29,0.3,6.7,-7.5,4.0,71.7,5.8,小雨
四川,2024-01-29,3.3,10.4,-4.0,2.0,44.4,3.2,多云
山东,2024-01-30,-2.9,0.9,-6.2,4.6,55.7,10.5,小雨
河南,2024-01-30,-0.1,7.2,-6.9,2.3,62.7,8.3,小雨
四川,2024-01-30,-1.6,1.7,-5.4,3.7,79.2,11.5,小雨
山东,2024-01-31,0.3,7.8,-3.4,1.6,71.7,10.7,多云
河南,2024-01-31,-0.3,3.3,-7.9,0.2,72.4,6.6,雪
四川,2024-01-31,5.0,13.0,-2.4,6.7,68.6,1.3,小雨
山东,2024-02-01,1.9,7.2,-1.1,1.7,57.6,5.9,多云
河南,2024-02-01,5.4,9.7,-0.1,3.2,70.7,10.5,小雨
四川,2024-02-01,7.2,10.3,4.0,2.1,67.9,10.1,小雨
山东,2024-02-02,1.1,7.3,-3.9,0.3,56.4,5.3,阴
河南,2024-02-02,7.4,12.8,3.3,6.7,58.5,3.4,小雨
四川,2024-02-02,5.2,8.3,1.3,1.8,56.3,8.3,多云
山东,2024-02-03,-2.2,1.1,-9.5,0.2,63.7,7.7,雪
河南,2024-02-03,-1.7,1.8,-8.7,11.4,78.4,1.6,中雨
四川,2024-02-03,5.7,9.0,2.1,3.9,25.9,11.7,小雨
山东,2024-02-04,-2.6,3.1,-8.8,0.7,46.3,4.0,多云
河南,2024-02-04,-0.9,6.3,-6.0,14.7,83.9,1.0,中雨
四川,2024-02-04,7.8,13.8,4.4,4.9,61.8,11.5,小雨
山东,2024-02-05,1.9,8.7,-3.0,0.9,79.6,2.0,多云
河南,2024-02-05,1.2,6.0,-5.2,0.9,48.7,5.2,多云
四川,2024-02-05,3.6,9.3,0.0,2.8,57.6,9.3,小雨
山东,2024-02-06,1.4,6.0,-2.8,3.1,63.6,3.8,小雨
河南,2024-02-06,0.1,4.0,-3.7,1.0,63.0,8.1,多云
四川,2024-02-06,4.5,11.4,-0.1,5.3,20.80000000000001,3.0,小雨
山东,2024-02-07,-1.0,3.8,-5.4,1.3,35.4,6.5,多云
河南,2024-02-07,3.5,6.5,-4.2,10.5,75.4,1.6,中雨
四川,2024-02-07,6.1,13.6,-0.2,4.6,57.8,9.0,小雨
山东,2024-02-08,-1.7,3.4,-6.7,3.0,72.8,11.9,小雨
河南,2024-02-08,2.7,7.5,-2.2,1.3,55.5,7.3,多云
四川,2024-02-08,3.4,9.7,-0.6,3.8,92.0,4.6,小雨
山东,2024-02-09,-1.7,4.4,-8.9,1.5,73.2,6.9,多云
河南,2024-02-09,3.7,8.8,-3.2,2.4,42.0,11.9,小雨
四川,2024-02-09,3.8,9.3,-2.0,0.6,51.9,8.8,多云
山东,2024-02-10,0.5,4.9,-2.7,10.1,62.3,2.8,中雨
河南,2024-02-10,2.2,8.2,-2.0,1.4,69.7,9.0,多云
四川,2024-02-10,1.7,6.9,-3.5,3.2,71.9,3.5,小雨
山东,2024-02-11,1.2,4.8,-4.2,4.5,90.8,6.3,小雨
河南,2024-02-11,0.4,5.8,-6.7,1.6,43.9,2.8,多云
四川,2024-02-11,5.6,11.9,-1.6,1.2,63.3,3.8,多云
山东,2024-02-12,0.3,7.3,-3.5,0.8,74.9,11.6,多云
河南,2024-02-12,4.0,8.9,-3.2,1.4,51.6,5.6,多云
四川,2024-02-12,4.6,12.2,-1.7,0.7,79.6,4.5,多云
山东,2024-02-13,0.5,4.2,-2.8,4.7,66.6,10.4,小雨
河南,2024-02-13,-0.6,6.4,-3.8,0.2,90.0,4.2,雪
四川,2024-02-13,5.9,9.0,2.7,1.8,71.7,8.6,多云
山东,2024-02-14,3.6,10.4,-0.7,2.2,73.4,10.4,小雨
河南,2024-02-14,3.5,9.0,-4.3,1.7,58.0,9.2,多云
四川,2024-02-14,7.3,14.8,-0.7,0.9,74.3,10.0,多云
山东,2024-02-15,-0.0,4.4,-7.8,1.2,50.4,9.2,多云
河南,2024-02-15,-0.4,6.1,-7.6,1.3,35.1,3.6,多云
四川,2024-02-15,1.9,9.7,-1.9,8.4,61.1,2.2,小雨
山东,2024-02-16,4.2,9.6,-1.8,0.7,59.0,10.7,多云
河南,2024-02-16,4.7,10.7,0.8,6.0,85.7,1.8,小雨
四川,2024-02-16,2.5,8.0,-2.8,3.1,60.5,6.3,小雨
山东,2024-02-17,-2.9,0.9,-9.5,11.4,63.4,3.2,中雨
河南,2024-02-17,5.4,9.8,-0.8,3.1,40.1,6.9,小雨
四川,2024-02-17,5.1,12.0,-2.5,5.2,72.7,1.4,小雨
山东,2024-02-18,-0.5,5.0,-5.9,1.4,62.2,7.2,多云
河南,2024-02-18,1.9,9.2,-2.9,1.0,75.4,7.5,多云
四川,2024-02-18,2.7,10.6,-3.8,0.1,71.4,5.0,多云
山东,2024-02-19,1.0,5.5,-4.3,4.7,82.3,8.6,小雨
河南,2024-02-19,2.0,5.9,-5.4,3.6,59.5,11.8,小雨
四川,2024-02-19,2.7,6.4,-3.4,0.4,58.5,8.0,多云
山东,2024-02-20,0.7,7.7,-3.1,4.4,44.4,3.6,小雨
河南,2024-02-20,4.3,7.3,-1.3,0.3,83.3,11.6,多云
四川,2024-02-20,2.3,8.5,-1.8,0.1,56.0,6.3,晴
山东,2024-02-21,3.0,8.7,-0.8,2.5,42.6,10.8,小雨
河南,2024-02-21,-0.2,4.5,-5.8,3.7,55.2,2.8,小雨
四川,2024-02-21,4.1,7.7,-0.9,1.6,58.8,6.1,多云
山东,2024-02-22,1.7,5.2,-5.9,14.95,58.2,2.1,中雨
河南,2024-02-22,3.5,10.8,-2.4,1.3,68.5,10.4,多云
四川,2024-02-22,5.2,9.3,1.4,5.4,78.5,2.7,小雨
山东,2024-02-23,1.1,5.6,-3.3,4.6,61.6,8.7,小雨
河南,2024-02-23,-0.3,5.1,-6.9,4.6,74.7,4.2,小雨
四川,2024-02-23,7.1,13.7,2.8,1.5,74.9,4.5,多云
山东,2024-02-24,-2.2,5.6,-9.5,1.8,79.0,11.9,多云
河南,2024-02-24,3.1,6.7,-0.1,4.1,68.3,4.5,小雨
四川,2024-02-24,7.9,14.7,2.6,5.7,74.7,3.5,小雨
山东,2024-02-25,0.5,4.8,-5.8,0.1,98.5,4.6,晴
河南,2024-02-25,1.1,8.3,-2.7,8.2,62.5,1.9,小雨
四川,2024-02-25,0.4,5.3,-5.5,2.9,39.6,7.8,小雨
山东,2024-02-26,1.1,8.0,-2.1,8.1,47.9,2.4,小雨
河南,2024-02-26,4.4,11.3,0.7,1.6,60.1,3.5,多云
四川,2024-02-26,2.4,9.1,-3.9,0.8,57.2,11.7,多云
山东,2024-02-27,2.5,5.7,-1.6,1.9,87.7,2.3,多云
河南,2024-02-27,2.1,5.5,-2.3,0.1,84.2,3.7,晴
四川,2024-02-27,8.2,14.1,2.7,1.4,62.1,4.5,多云
山东,2024-02-28,2.4,8.0,-1.9,3.3,46.6,7.6,小雨
河南,2024-02-28,-0.3,4.1,-7.6,0.8,37.4,2.8,多云
四川,2024-02-28,4.8,9.7,-2.5,0.9,59.8,4.3,多云
山东,2024-02-29,0.5,5.3,-3.1,2.4,70.8,8.9,小雨
河南,2024-02-29,0.1,5.6,-6.0,1.8,72.6,7.3,多云
四川,2024-02-29,3.5,9.5,-1.7,6.0,73.5,2.9,小雨
山东,2024-03-01,6.0,13.8,-1.1,2.1,80.4,3.8,小雨
河南,2024-03-01,12.8,17.1,9.8,13.4,20.80000000000001,2.1,中雨
四川,2024-03-01,10.9,17.4,5.7,6.6,78.6,1.4,小雨
山东,2024-03-02,6.2,11.2,3.1,0.7,65.1,3.6,多云
河南,2024-03-02,10.8,14.3,3.5,1.3,69.1,2.1,多云
四川,2024-03-02,13.5,17.8,8.0,0.7,84.3,3.3,多云
山东,2024-03-03,7.1,14.4,2.9,0.7,55.2,4.7,多云
河南,2024-03-03,9.0,14.1,5.9,0.9,73.6,4.0,多云
四川,2024-03-03,12.9,19.3,9.6,13.8,41.5,3.0,中雨
山东,2024-03-04,8.3,11.9,1.8,13.2,63.7,0.7,中雨
河南,2024-03-04,7.0,11.0,2.3,2.6,28.4,2.7,小雨
四川,2024-03-04,10.5,18.1,5.9,13.3,85.9,2.6,中雨
山东,2024-03-05,6.9,12.5,2.0,4.1,48.5,9.9,小雨
河南,2024-03-05,8.2,12.9,0.8,1.2,30.4,4.6,多云
四川,2024-03-05,12.7,19.7,7.3,3.3,81.7,5.7,小雨
山东,2024-03-06,9.5,15.1,4.3,7.7,61.6,1.9,小雨
河南,2024-03-06,9.8,13.0,4.5,3.6,57.9,7.9,小雨
四川,2024-03-06,8.1,12.2,3.3,13.0,63.3,2.3,中雨
山东,2024-03-07,9.5,14.8,6.2,8.3,76.5,2.0,小雨
河南,2024-03-07,9.8,14.5,6.2,2.1,55.4,4.3,小雨
四川,2024-03-07,14.1,22.0,10.5,10.9,42.9,1.1,中雨
山东,2024-03-08,7.4,13.4,3.6,2.7,75.8,5.1,小雨
河南,2024-03-08,8.9,15.0,1.7,9.9,45.6,2.5,小雨
四川,2024-03-08,8.8,13.8,3.9,3.2,61.0,6.2,小雨
山东,2024-03-09,7.5,10.7,3.1,13.7,33.9,3.0,中雨
河南,2024-03-09,8.1,15.4,1.1,0.2,44.8,2.1,多云
四川,2024-03-09,8.5,15.5,3.8,5.9,42.8,0.8,小雨
山东,2024-03-10,7.8,11.3,4.3,2.5,67.3,6.6,小雨
河南,2024-03-10,8.1,11.2,3.7,14.3,54.5,1.9,中雨
四川,2024-03-10,11.6,18.6,4.2,3.7,85.8,2.4,小雨
山东,2024-03-11,10.4,17.9,4.0,0.9,57.8,10.3,多云
河南,2024-03-11,11.5,18.6,6.5,1.7,63.3,6.6,多云
四川,2024-03-11,8.3,13.9,3.4,3.3,50.6,5.5,小雨
山东,2024-03-12,5.8,10.7,0.9,9.9,68.7,2.6,小雨
河南,2024-03-12,8.9,14.2,2.3,9.6,43.7,1.7,小雨
四川,2024-03-12,15.8,22.4,9.9,5.0,67.6,2.9,小雨
山东,2024-03-13,6.9,12.7,3.1,8.7,53.2,2.1,小雨
河南,2024-03-13,9.2,16.6,2.3,7.4,71.2,1.9,小雨
四川,2024-03-13,12.1,15.9,7.7,4.0,51.1,7.0,小雨
山东,2024-03-14,6.4,12.6,2.4,2.9,72.3,8.6,小雨
河南,2024-03-14,7.3,12.7,4.1,1.5,54.0,2.1,多云
四川,2024-03-14,13.1,19.2,6.4,3.1,20.80000000000001,4.6,小雨
山东,2024-03-15,6.6,11.6,2.8,0.9,58.3,11.8,多云
河南,2024-03-15,8.7,15.2,0.7,9.2,89.9,2.4,小雨
四川,2024-03-15,10.7,15.8,6.7,9.9,68.7,1.7,小雨
山东,2024-03-16,5.2,10.2,1.5,10.4,72.3,1.6,中雨
河南,2024-03-16,12.0,15.6,7.9,2.0,41.5,5.2,多云
四川,2024-03-16,10.0,14.8,4.4,0.2,55.1,7.6,多云
山东,2024-03-17,6.4,12.2,1.2,5.8,44.8,2.1,小雨
河南,2024-03-17,8.0,12.6,1.6,0.2,77.9,8.5,多云
四川,2024-03-17,11.4,18.4,3.7,3.9,53.4,4.6,小雨
山东,2024-03-18,4.2,10.3,-1.9,3.2,51.2,4.1,小雨
河南,2024-03-18,9.9,13.5,2.3,0.3,87.5,11.5,多云
四川,2024-03-18,12.8,18.4,6.3,4.2,68.9,10.2,小雨
山东,2024-03-19,11.6,18.6,3.7,2.5,39.5,8.0,小雨
河南,2024-03-19,7.4,14.1,0.7,14.95,67.9,2.6,中雨
四川,2024-03-19,10.4,16.4,3.6,14.95,70.4,2.1,中雨
山东,2024-03-20,6.4,10.2,2.1,1.9,53.2,11.7,多云
河南,2024-03-20,12.5,19.1,6.6,4.6,55.5,9.1,小雨
四川,2024-03-20,10.3,16.1,7.0,2.9,86.5,6.9,小雨
山东,2024-03-21,9.0,15.0,4.1,5.6,42.5,2.7,小雨
河南,2024-03-21,7.5,15.0,1.5,14.95,77.3,2.5,中雨
四川,2024-03-21,8.7,14.1,4.3,4.5,33.6,11.1,小雨
山东,2024-03-22,5.1,9.0,-0.8,3.2,65.3,7.6,小雨
河南,2024-03-22,9.1,15.1,3.3,7.7,36.5,1.3,小雨
四川,2024-03-22,10.0,15.8,6.9,1.0,70.1,9.9,多云
山东,2024-03-23,10.2,18.0,2.4,1.2,65.2,5.2,多云
河南,2024-03-23,9.1,15.1,5.8,0.0,51.9,3.3,晴
四川,2024-03-23,11.3,18.8,5.7,10.5,95.2,2.8,中雨
山东,2024-03-24,8.5,15.8,1.8,9.8,54.0,2.4,小雨
河南,2024-03-24,8.5,16.0,3.2,6.5,66.0,0.6,小雨
四川,2024-03-24,11.7,15.1,3.8,0.1,86.6,4.4,晴
山东,2024-03-25,9.5,14.4,6.4,0.1,55.5,11.9,晴
河南,2024-03-25,2.9,7.6,-2.5,0.8,55.5,8.0,多云
四川,2024-03-25,11.0,17.1,3.5,0.0,44.9,4.1,晴
山东,2024-03-26,12.5,16.3,6.4,1.2,83.2,10.9,多云
河南,2024-03-26,8.4,14.7,4.4,3.7,69.8,11.6,小雨
四川,2024-03-26,13.2,18.1,8.6,2.3,58.0,11.8,小雨
山东,2024-03-27,9.5,14.3,4.4,0.8,61.8,10.6,多云
河南,2024-03-27,8.5,14.4,3.5,1.8,62.4,4.7,多云
四川,2024-03-27,8.9,13.8,1.8,2.7,54.4,6.3,小雨
山东,2024-03-28,9.9,16.2,5.8,13.2,54.3,3.0,中雨
河南,2024-03-28,6.9,11.0,-1.1,1.1,49.0,10.1,多云
四川,2024-03-28,9.3,16.3,5.3,3.1,60.8,9.5,小雨
山东,2024-03-29,9.3,13.2,4.7,1.3,35.6,10.4,多云
河南,2024-03-29,8.5,14.9,4.2,10.7,81.1,1.3,中雨
四川,2024-03-29,10.6,15.3,6.3,7.0,39.8,1.4,小雨
山东,2024-03-30,6.5,12.7,0.7,1.8,61.7,11.6,多云
河南,2024-03-30,11.9,18.3,6.2,14.95,57.1,1.7,中雨
四川,2024-03-30,9.3,13.4,3.0,3.9,62.0,11.6,小雨
山东,2024-03-31,11.9,16.4,3.9,4.8,85.6,10.5,小雨
河南,2024-03-31,10.9,16.2,4.6,2.5,54.9,5.1,小雨
四川,2024-03-31,9.6,13.3,5.4,4.5,56.7,6.2,小雨
山东,2024-04-01,17.9,24.7,14.4,14.95,96.0,1.6,大雨
河南,2024-04-01,16.4,23.0,10.4,5.8,81.7,3.6,小雨
四川,2024-04-01,19.1,26.1,12.4,14.95,84.1,1.2,中雨
山东,2024-04-02,14.1,20.0,8.9,4.4,43.3,11.3,小雨
河南,2024-04-02,14.7,21.3,10.7,4.5,55.8,7.0,小雨
四川,2024-04-02,19.4,26.1,13.2,11.5,61.1,0.9,中雨
山东,2024-04-03,12.1,19.7,7.5,14.4,48.6,2.7,中雨
河南,2024-04-03,12.8,16.1,7.8,3.3,38.2,3.6,小雨
四川,2024-04-03,17.2,22.8,12.8,14.95,82.2,3.0,中雨
山东,2024-04-04,13.4,17.1,6.0,6.7,51.0,1.7,小雨
河南,2024-04-04,13.0,16.0,5.1,9.1,63.0,2.2,小雨
四川,2024-04-04,19.0,22.9,12.9,0.4,53.9,8.6,多云
山东,2024-04-05,12.6,19.7,9.3,11.0,40.6,1.4,中雨
河南,2024-04-05,18.3,22.4,14.3,10.7,62.1,2.6,中雨
四川,2024-04-05,19.5,22.6,14.9,0.3,86.4,5.0,多云
山东,2024-04-06,18.9,22.9,14.0,14.95,51.4,1.7,中雨
河南,2024-04-06,16.1,21.5,8.9,8.1,56.2,2.7,小雨
四川,2024-04-06,18.9,24.2,11.0,6.5,66.2,3.0,小雨
山东,2024-04-07,16.9,22.6,11.3,7.5,25.8,2.2,小雨
河南,2024-04-07,15.3,20.5,7.8,6.6,75.6,3.3,小雨
四川,2024-04-07,19.8,25.5,16.7,10.5,50.5,1.6,中雨
山东,2024-04-08,14.9,22.5,10.1,14.95,51.8,0.7,中雨
河南,2024-04-08,18.5,25.0,11.7,2.2,65.7,8.1,小雨
四川,2024-04-08,15.3,21.9,11.9,2.7,57.9,11.3,小雨
山东,2024-04-09,15.7,22.7,12.1,3.7,74.9,5.7,小雨
河南,2024-04-09,16.4,23.5,12.7,14.8,42.8,2.7,中雨
四川,2024-04-09,15.2,22.7,9.0,9.6,65.3,3.2,小雨
山东,2024-04-10,16.0,21.7,10.7,0.4,51.9,3.3,阴
河南,2024-04-10,16.3,21.2,11.9,2.5,97.6,5.1,小雨
四川,2024-04-10,16.9,24.2,9.0,14.95,72.6,0.7,中雨
山东,2024-04-11,16.8,21.8,9.1,6.9,68.5,3.5,小雨
河南,2024-04-11,16.9,21.3,11.8,5.4,62.0,1.7,小雨
四川,2024-04-11,19.7,24.6,12.2,1.1,41.2,3.3,多云
山东,2024-04-12,15.4,21.1,11.0,1.3,69.9,7.4,多云
河南,2024-04-12,13.3,18.7,9.0,0.9,54.9,3.6,多云
四川,2024-04-12,21.1,27.0,15.7,13.3,69.3,1.0,中雨
山东,2024-04-13,14.6,20.9,9.2,14.95,63.1,3.1,中雨
河南,2024-04-13,14.8,18.3,11.0,9.9,52.1,3.4,小雨
四川,2024-04-13,20.0,27.2,14.3,3.4,51.4,3.5,小雨
山东,2024-04-14,13.0,20.8,7.9,4.9,68.1,5.8,小雨
河南,2024-04-14,15.0,18.3,11.4,3.5,49.6,3.3,小雨
四川,2024-04-14,17.4,21.5,13.1,0.2,45.7,9.4,阴
山东,2024-04-15,11.9,19.4,7.0,3.8,69.8,4.5,小雨
河南,2024-04-15,17.2,22.8,11.5,0.2,41.1,7.8,阴
四川,2024-04-15,16.1,20.2,9.3,6.2,43.2,2.4,小雨
山东,2024-04-16,15.8,23.0,11.8,3.4,87.6,3.0,小雨
河南,2024-04-16,18.2,22.2,13.8,6.4,43.2,1.2,小雨
四川,2024-04-16,15.4,19.2,9.4,5.2,45.5,2.5,小雨
山东,2024-04-17,13.1,16.8,10.1,12.8,85.1,1.7,中雨
河南,2024-04-17,18.8,26.4,11.4,8.0,77.0,1.1,小雨
四川,2024-04-17,19.1,25.4,12.9,3.8,51.0,6.9,小雨
山东,2024-04-18,18.7,23.3,13.6,8.2,38.1,2.2,小雨
河南,2024-04-18,14.0,21.0,10.4,11.7,48.9,2.3,中雨
四川,2024-04-18,16.1,23.6,8.3,0.0,36.6,3.8,多云
山东,2024-04-19,14.2,20.2,10.3,13.0,86.6,2.0,中雨
河南,2024-04-19,15.6,21.2,10.2,6.6,56.6,3.3,小雨
四川,2024-04-19,18.1,25.7,12.3,10.8,51.0,3.0,中雨
山东,2024-04-20,14.8,17.9,11.0,0.2,32.8,12.0,晴
河南,2024-04-20,16.3,19.8,8.8,13.0,84.4,2.1,中雨
四川,2024-04-20,18.4,21.5,12.9,4.4,57.5,6.4,小雨
山东,2024-04-21,14.4,21.1,6.6,8.0,72.5,2.4,小雨
河南,2024-04-21,18.8,24.5,15.5,13.7,77.2,2.1,中雨
四川,2024-04-21,23.0,29.4,18.2,0.1,80.0,5.5,晴
山东,2024-04-22,13.0,16.8,9.1,4.3,70.0,9.7,小雨
河南,2024-04-22,16.1,20.0,12.5,1.4,54.8,2.5,多云
四川,2024-04-22,19.2,27.0,13.7,14.95,60.9,1.4,大雨
山东,2024-04-23,12.9,17.8,6.7,11.7,70.1,1.5,中雨
河南,2024-04-23,15.2,18.5,11.6,0.2,61.2,8.7,晴
四川,2024-04-23,18.9,23.0,12.5,3.5,69.1,5.2,小雨
山东,2024-04-24,13.2,20.7,5.6,14.95,31.9,1.9,中雨
河南,2024-04-24,15.5,22.9,12.3,1.3,53.5,11.8,多云
四川,2024-04-24,17.7,25.4,14.3,2.3,58.6,11.8,小雨
山东,2024-04-25,14.8,17.9,11.7,2.2,60.2,3.6,小雨
河南,2024-04-25,17.8,23.6,12.9,2.1,83.2,8.2,小雨
四川,2024-04-25,16.2,21.1,8.7,14.95,51.3,2.4,中雨
山东,2024-04-26,15.5,20.0,9.0,5.0,73.9,3.6,小雨
河南,2024-04-26,13.4,19.0,7.5,5.7,41.0,2.9,小雨
四川,2024-04-26,17.7,22.3,10.2,2.1,38.3,8.7,小雨
山东,2024-04-27,14.3,19.3,7.3,2.0,80.3,9.3,多云
河南,2024-04-27,17.5,22.1,10.8,0.9,61.7,6.2,多云
四川,2024-04-27,20.3,28.0,12.8,0.4,43.3,7.1,多云
山东,2024-04-28,17.2,24.6,11.3,0.3,60.1,7.0,阴
河南,2024-04-28,13.8,19.7,8.9,0.2,65.1,5.3,晴
四川,2024-04-28,16.8,23.3,12.5,0.1,57.7,5.2,阴
山东,2024-04-29,13.4,20.5,9.3,13.9,54.0,1.2,中雨
河南,2024-04-29,16.3,23.3,9.4,2.4,50.5,6.2,小雨
四川,2024-04-29,20.4,26.7,12.7,0.3,24.4,9.7,阴
山东,2024-04-30,16.9,23.1,11.3,13.2,54.1,3.4,中雨
河南,2024-04-30,16.9,22.2,11.3,4.9,40.0,11.1,小雨
四川,2024-04-30,15.5,23.5,9.2,12.5,55.9,0.7,中雨
山东,2024-05-01,20.0,25.5,13.6,14.95,51.7,0.7,大雨
河南,2024-05-01,20.8,25.8,16.7,6.1,48.0,1.6,小雨
四川,2024-05-01,22.5,26.1,16.6,1.6,62.4,7.5,多云
山东,2024-05-02,20.7,25.8,15.2,5.1,37.5,1.7,小雨
河南,2024-05-02,22.8,28.0,15.9,6.0,82.3,1.4,小雨
四川,2024-05-02,24.8,30.5,17.6,12.1,50.2,1.2,中雨
山东,2024-05-03,24.1,27.4,19.1,14.95,64.9,1.0,大雨
河南,2024-05-03,21.6,27.6,17.8,9.8,51.2,1.6,小雨
四川,2024-05-03,27.2,34.3,22.2,1.2,67.1,2.9,多云
山东,2024-05-04,22.4,27.9,17.1,2.8,62.4,9.9,小雨
河南,2024-05-04,25.1,30.8,18.9,8.6,50.9,3.2,小雨
四川,2024-05-04,23.3,30.8,16.1,10.2,64.0,1.0,中雨
山东,2024-05-05,22.1,26.8,16.3,2.2,66.8,4.5,小雨
河南,2024-05-05,21.6,27.8,18.6,2.9,59.7,11.8,小雨
四川,2024-05-05,25.9,29.2,22.4,1.7,53.1,8.8,多云
山东,2024-05-06,19.1,23.1,11.7,4.8,77.2,9.6,小雨
河南,2024-05-06,21.2,26.7,17.1,13.7,43.8,2.7,中雨
四川,2024-05-06,25.9,31.6,21.7,14.95,59.9,1.1,大雨
山东,2024-05-07,22.5,28.7,15.8,8.0,59.7,1.7,小雨
河南,2024-05-07,21.2,25.2,14.2,14.95,49.8,1.3,中雨
四川,2024-05-07,25.7,32.6,21.0,14.95,56.0,1.0,中雨
山东,2024-05-08,21.7,28.2,17.4,0.6,34.7,7.5,多云
河南,2024-05-08,21.4,29.3,16.1,10.2,52.8,1.6,中雨
四川,2024-05-08,23.9,31.8,19.9,11.2,63.6,3.0,中雨
山东,2024-05-09,22.7,30.5,16.3,1.5,78.4,8.0,多云
河南,2024-05-09,24.7,29.0,18.1,12.3,37.1,3.2,中雨
四川,2024-05-09,23.9,27.2,17.9,0.8,53.8,7.1,多云
山东,2024-05-10,21.5,25.6,15.0,8.2,47.0,2.3,小雨
河南,2024-05-10,24.1,28.4,17.1,3.7,92.1,10.4,小雨
四川,2024-05-10,26.5,32.6,23.3,3.8,40.8,2.2,小雨
山东,2024-05-11,19.7,25.6,13.2,0.2,68.0,4.6,多云
河南,2024-05-11,18.3,24.0,14.7,2.0,67.5,11.7,多云
四川,2024-05-11,22.4,26.8,19.3,5.0,71.1,0.8,小雨
山东,2024-05-12,22.9,27.4,18.8,14.95,69.8,2.2,中雨
河南,2024-05-12,21.6,25.1,17.9,11.4,53.8,2.4,中雨
四川,2024-05-12,21.7,29.5,17.2,7.7,75.5,3.4,小雨
山东,2024-05-13,19.6,27.4,15.7,2.1,76.8,7.1,小雨
河南,2024-05-13,19.2,27.1,15.5,4.9,29.0,11.0,小雨
四川,2024-05-13,27.2,34.6,23.9,10.3,43.7,2.6,中雨
山东,2024-05-14,20.7,27.8,14.8,10.1,45.3,1.2,中雨
河南,2024-05-14,21.1,24.1,14.6,13.5,68.5,0.8,中雨
四川,2024-05-14,24.9,31.0,20.4,6.2,69.3,1.2,小雨
山东,2024-05-15,18.7,22.5,13.9,14.2,62.8,2.4,中雨
河南,2024-05-15,22.0,29.7,16.9,9.2,63.4,2.6,小雨
四川,2024-05-15,20.1,27.5,16.8,14.95,67.2,1.7,大雨
山东,2024-05-16,20.9,24.4,13.2,1.7,59.1,8.9,多云
河南,2024-05-16,20.9,24.7,13.8,3.5,43.4,2.9,小雨
四川,2024-05-16,21.8,28.0,18.0,1.7,57.2,9.8,多云
山东,2024-05-17,20.5,27.7,12.7,12.3,69.0,1.8,中雨
河南,2024-05-17,21.3,28.9,13.4,14.95,53.9,3.4,大雨
四川,2024-05-17,21.6,27.9,14.3,1.7,46.5,2.9,多云
山东,2024-05-18,19.3,22.6,14.6,2.1,39.3,4.3,小雨
河南,2024-05-18,23.7,29.5,16.2,0.2,67.1,9.0,多云
四川,2024-05-18,22.0,29.1,14.8,14.95,69.7,2.8,大雨
山东,2024-05-19,21.9,26.7,18.9,6.9,62.3,2.7,小雨
河南,2024-05-19,19.9,26.0,15.9,12.5,77.3,1.8,中雨
四川,2024-05-19,28.1,33.5,23.2,14.95,77.9,2.4,中雨
山东,2024-05-20,18.4,23.2,12.6,6.7,60.2,3.2,小雨
河南,2024-05-20,21.6,27.1,18.2,3.0,68.7,6.1,小雨
四川,2024-05-20,21.0,26.3,13.3,1.0,91.8,11.8,多云
山东,2024-05-21,20.2,26.7,15.2,14.95,56.5,2.7,大雨
河南,2024-05-21,19.8,25.7,13.9,4.1,41.6,10.8,小雨
四川,2024-05-21,23.7,27.9,18.0,10.6,75.9,1.1,中雨
山东,2024-05-22,21.0,26.1,17.4,6.3,47.8,1.9,小雨
河南,2024-05-22,20.8,26.2,17.8,4.6,42.7,11.9,小雨
四川,2024-05-22,22.8,28.9,19.4,14.95,59.9,3.1,中雨
山东,2024-05-23,20.2,24.1,14.9,0.7,40.2,2.7,多云
河南,2024-05-23,21.6,29.6,18.4,8.7,76.2,2.2,小雨
四川,2024-05-23,22.5,30.2,18.5,4.8,43.1,9.3,小雨
山东,2024-05-24,22.2,25.3,17.9,14.95,43.5,2.4,大雨
河南,2024-05-24,20.7,25.0,13.0,4.2,59.7,11.4,小雨
四川,2024-05-24,22.3,27.0,17.3,11.3,60.2,2.3,中雨
山东,2024-05-25,17.1,21.1,9.4,5.5,73.5,2.7,小雨
河南,2024-05-25,24.2,29.4,18.0,14.95,68.9,3.1,中雨
四川,2024-05-25,23.8,28.9,18.0,0.4,57.9,5.2,晴
山东,2024-05-26,22.2,26.5,17.8,3.9,38.6,7.8,小雨
河南,2024-05-26,22.0,26.0,14.9,2.4,57.9,7.2,小雨
四川,2024-05-26,25.4,32.8,19.3,14.95,90.8,1.2,大雨
山东,2024-05-27,23.9,28.6,18.9,2.0,47.7,4.2,多云
河南,2024-05-27,22.2,28.6,15.8,2.6,85.9,8.9,小雨
四川,2024-05-27,25.5,31.2,22.1,3.2,60.1,7.7,小雨
山东,2024-05-28,21.7,26.7,17.4,11.2,58.6,0.7,中雨
河南,2024-05-28,22.3,29.9,17.4,1.0,38.9,10.0,多云
四川,2024-05-28,23.0,30.3,19.4,14.95,63.7,2.2,大雨
山东,2024-05-29,23.5,28.7,19.5,0.6,32.0,4.6,多云
河南,2024-05-29,20.4,24.9,15.5,2.1,34.6,8.4,小雨
四川,2024-05-29,21.5,26.6,13.6,2.9,77.2,4.4,小雨
山东,2024-05-30,19.5,26.8,13.6,14.2,52.6,1.5,中雨
河南,2024-05-30,23.2,27.8,15.6,5.0,62.0,2.7,小雨
四川,2024-05-30,24.6,32.3,18.3,2.3,35.6,11.2,小雨
山东,2024-05-31,18.2,25.7,14.6,14.95,61.9,2.6,大雨
河南,2024-05-31,17.9,21.2,10.1,14.95,76.5,1.1,中雨
四川,2024-05-31,24.7,28.1,19.7,1.6,55.3,3.4,多云
山东,2024-06-01,24.7,31.9,18.3,3.7,53.9,4.5,小雨
河南,2024-06-01,27.4,33.2,22.6,2.1,64.9,11.4,小雨
四川,2024-06-01,29.9,37.7,22.2,6.0,84.5,1.6,小雨
山东,2024-06-02,23.2,27.0,15.3,14.95,59.1,1.7,大雨
河南,2024-06-02,28.2,34.9,20.6,3.9,78.4,7.9,小雨
四川,2024-06-02,28.6,34.1,25.1,1.1,66.9,11.1,多云
山东,2024-06-03,28.4,32.6,21.7,14.95,70.4,0.6,大雨
河南,2024-06-03,24.4,29.5,18.0,3.8,59.8,5.4,小雨
四川,2024-06-03,31.5,36.5,27.4,14.95,59.3,1.0,大雨
山东,2024-06-04,27.4,33.7,22.5,14.95,58.3,1.5,大雨
河南,2024-06-04,26.0,30.5,22.0,11.6,68.1,3.2,中雨
四川,2024-06-04,26.3,31.4,23.1,4.6,52.0,11.4,小雨
山东,2024-06-05,28.7,32.8,22.2,14.95,72.9,2.0,中雨
河南,2024-06-05,25.4,31.6,22.0,14.95,69.7,2.7,大雨
四川,2024-06-05,26.9,30.4,21.9,14.95,68.5,2.3,大雨
山东,2024-06-06,27.0,31.8,19.8,5.8,59.4,1.0,小雨
河南,2024-06-06,27.9,31.2,20.4,14.95,49.0,1.2,大雨
四川,2024-06-06,29.7,36.7,23.3,4.3,60.5,3.7,小雨
山东,2024-06-07,24.9,30.3,20.0,14.95,92.8,1.0,中雨
河南,2024-06-07,26.9,31.6,23.3,14.95,49.7,1.2,大雨
四川,2024-06-07,28.3,34.5,22.4,14.95,49.8,1.8,大雨
山东,2024-06-08,25.6,31.1,19.8,1.4,66.3,3.7,多云
河南,2024-06-08,26.7,34.6,20.8,14.95,69.9,2.6,中雨
四川,2024-06-08,30.2,35.4,23.7,1.3,76.6,7.5,多云
山东,2024-06-09,26.3,34.2,19.3,14.4,65.5,2.4,中雨
河南,2024-06-09,28.0,35.7,20.9,1.8,43.1,10.8,多云
四川,2024-06-09,27.2,33.6,21.7,14.95,68.9,0.9,大雨
山东,2024-06-10,23.4,31.1,16.1,14.95,72.6,1.4,大雨
河南,2024-06-10,24.5,30.8,16.7,6.4,73.6,3.0,小雨
四川,2024-06-10,30.2,38.0,24.2,0.0,66.8,10.8,多云
山东,2024-06-11,26.5,33.3,19.6,8.4,53.6,3.4,小雨
河南,2024-06-11,27.8,34.6,23.3,7.3,66.0,3.2,小雨
四川,2024-06-11,29.3,34.5,22.9,14.4,45.8,3.4,中雨
山东,2024-06-12,28.6,32.4,20.7,1.8,52.1,11.5,多云
河南,2024-06-12,26.6,32.9,20.8,14.95,62.9,2.6,大雨
四川,2024-06-12,25.9,32.2,20.4,14.95,60.5,2.2,中雨
山东,2024-06-13,28.7,33.9,21.7,3.0,67.2,4.8,小雨
河南,2024-06-13,32.5,39.5,27.3,6.0,45.1,0.7,小雨
四川,2024-06-13,30.4,37.5,24.6,14.95,54.4,3.4,大雨
山东,2024-06-14,27.4,34.4,20.9,9.0,50.2,1.8,小雨
河南,2024-06-14,26.6,32.6,21.0,2.3,69.1,7.6,小雨
四川,2024-06-14,28.9,32.0,22.0,3.6,76.7,8.8,小雨
山东,2024-06-15,27.1,32.9,22.9,14.95,38.8,1.5,大雨
河南,2024-06-15,26.0,31.5,18.2,0.8,73.9,11.3,多云
四川,2024-06-15,27.8,33.6,24.3,14.95,90.2,3.5,中雨
山东,2024-06-16,27.4,31.1,20.2,12.9,51.5,2.8,中雨
河南,2024-06-16,26.5,32.7,23.3,12.4,73.0,2.8,中雨
四川,2024-06-16,33.5,37.1,25.8,3.1,58.7,3.8,小雨
山东,2024-06-17,25.8,30.4,17.9,2.0,59.5,9.5,多云
河南,2024-06-17,25.8,32.5,19.5,14.95,64.3,3.0,大雨
四川,2024-06-17,26.1,33.1,22.4,12.2,41.0,1.5,中雨
山东,2024-06-18,21.2,25.4,13.9,7.4,61.4,1.7,小雨
河南,2024-06-18,26.4,31.7,19.9,14.95,59.8,3.4,大雨
四川,2024-06-18,27.9,32.9,20.1,14.95,52.9,1.4,中雨
山东,2024-06-19,28.8,32.6,22.9,8.5,52.9,0.6,小雨
河南,2024-06-19,30.8,35.6,27.1,8.4,48.2,2.5,小雨
四川,2024-06-19,29.7,32.9,22.3,6.7,79.9,2.9,小雨
山东,2024-06-20,24.5,30.7,19.4,11.8,54.2,0.8,中雨
河南,2024-06-20,28.0,35.9,21.7,9.0,77.4,2.8,小雨
四川,2024-06-20,29.3,33.1,25.5,10.9,61.6,0.8,中雨
山东,2024-06-21,28.0,34.2,22.1,3.5,48.4,9.3,小雨
河南,2024-06-21,28.3,34.3,24.3,6.1,75.4,0.7,小雨
四川,2024-06-21,29.6,37.1,24.5,13.8,59.2,2.2,中雨
山东,2024-06-22,26.1,32.3,22.6,2.6,61.2,5.9,小雨
河南,2024-06-22,25.6,28.7,21.2,14.95,71.2,1.6,大雨
四川,2024-06-22,31.0,35.9,24.6,4.0,81.9,8.4,小雨
山东,2024-06-23,27.4,35.1,19.5,0.2,40.1,4.1,多云
河南,2024-06-23,29.1,34.6,23.3,1.9,55.8,4.8,多云
四川,2024-06-23,30.5,38.1,27.1,14.95,52.0,2.7,大雨
山东,2024-06-24,23.3,30.7,20.0,5.1,48.2,1.1,小雨
河南,2024-06-24,27.0,33.6,20.1,14.4,64.5,2.7,中雨
四川,2024-06-24,29.4,35.4,22.5,14.95,40.7,1.0,中雨
山东,2024-06-25,25.5,29.8,22.3,14.7,61.3,1.6,中雨
河南,2024-06-25,26.8,30.0,19.8,14.95,64.1,1.7,大雨
四川,2024-06-25,29.9,33.5,25.5,5.0,74.8,1.6,小雨
山东,2024-06-26,29.0,34.1,25.4,1.6,48.7,5.5,多云
河南,2024-06-26,24.7,28.4,17.8,9.3,59.4,0.7,小雨
四川,2024-06-26,26.7,30.0,21.0,3.0,73.9,6.9,小雨
山东,2024-06-27,22.0,28.8,16.5,3.6,59.9,5.6,小雨
河南,2024-06-27,30.1,35.8,25.2,9.2,57.1,1.4,小雨
四川,2024-06-27,30.3,35.0,23.4,4.0,61.5,8.6,小雨
山东,2024-06-28,26.7,33.3,20.9,2.1,72.8,10.6,小雨
河南,2024-06-28,26.5,32.2,19.9,14.95,52.7,3.1,中雨
四川,2024-06-28,29.2,33.4,24.9,0.3,55.4,3.9,多云
山东,2024-06-29,28.7,32.2,24.4,12.7,58.1,1.9,中雨
河南,2024-06-29,29.0,36.9,23.2,1.1,41.9,11.7,多云
四川,2024-06-29,29.2,36.0,22.8,12.3,44.0,3.0,中雨
山东,2024-06-30,22.1,26.3,16.1,0.9,33.0,4.5,多云
河南,2024-06-30,30.3,34.5,24.2,10.1,45.2,3.1,中雨
四川,2024-06-30,28.8,36.1,24.1,14.95,70.6,2.4,大雨
